Current account balance_Percent of GDP_average,General government net lending/borrowing_Percent of GDP_average,General government revenue_Percent of GDP_average,General government total expenditure_Percent of GDP_average,"Gross domestic product per capita, current prices_U.S. dollars_average","Inflation, average consumer prices_Percent change_average",Population_Persons_average,Total investment_Percent of GDP_average,Gross national savings_Percent of GDP_average,HDI_Average,Education Index_average
11.835909090909093,-0.5008181818181818,25.38327272727273,25.88409090909091,670.0392727272728,4.519727272727272,28.50609090909091,21.044818181818183,32.88090909090909,0.4962,0.3983
-9.221545454545453,-3.431818181818181,26.39118181818181,29.82272727272728,4554.831818181819,2.0747272727272725,2.8895454545454538,26.69263636363637,16.927,0.7806,0.7365
-5.366545454545455,-5.762636363636362,33.98709090909092,39.74972727272728,4544.988181818182,4.446272727272726,40.03181818181817,44.86881818181818,39.49372727272728,0.7364,0.6524
3.407545454545455,-0.2970000000000001,29.200454545454537,29.49763636363637,4104.394545454546,16.637363636363634,26.83163636363636,26.12354545454545,29.977454545454545,0.5609,0.462
-1.905909090909091,-4.770363636363637,33.80154545454545,38.57181818181818,12498.830909090908,24.551625,43.11309090909091,17.233272727272727,15.327181818181822,0.8378,0.8317
-6.587818181818182,-3.297181818181818,22.191454545454544,25.488636363636363,3792.524545454545,3.157181818181817,2.975,21.611636363636364,15.023545454545454,0.763,0.7409
-2.4251818181818185,-3.651181818181818,34.097272727272724,37.74845454545454,58372.22,2.001272727272727,24.01190909090909,25.36318181818182,22.91809090909091,0.9368,0.919
2.073454545454545,-2.2988181818181816,48.97263636363637,51.27145454545455,48776.01545454546,1.8547272727272728,8.638818181818182,24.331454545454548,26.405,0.913,0.8522
11.60763636363636,3.054727272727273,38.67645454545455,35.62154545454546,5797.1563636363635,5.045181818181818,9.566727272727274,23.319000000000006,34.12945454545454,0.7417,0.6854
0.2824545454545452,-11.052636363636363,21.96154545454545,33.01436363636363,24109.39545454545,1.5570000000000002,1.360090909090909,29.26709090909091,29.54636363636364,0.8303,0.7168
-0.0290000000000001,-3.8170909090909086,10.301272727272726,14.118545454545455,1304.6045454545454,6.855090909090908,156.19372727272727,29.20190909090909,29.403909090909096,0.593,0.4783
-6.451454545454545,-5.335818181818183,27.67354545454545,33.00954545454545,16801.468181818185,3.5318181818181817,0.284090909090909,16.125636363636364,9.674272727272726,0.8073,0.7709
-4.808,-1.1537272727272727,38.718636363636364,39.872454545454545,6558.3499999999985,18.54418181818182,9.45309090909091,32.150090909090906,27.342272727272725,0.8121,0.8366
0.306,-3.317181818181818,51.27381818181818,54.59109090909092,45276.55,1.6957272727272723,11.228454545454547,24.04072727272727,24.34690909090909,0.9204,0.8866
-6.552181818181817,-3.5749090909090917,28.913,32.488090909090914,4567.613636363636,0.6417272727272727,0.3693636363636363,16.723090909090907,10.170818181818184,0.7068,0.6759
-4.844636363636363,-2.432272727272727,13.364454545454546,15.796818181818185,1173.2727272727273,1.4267272727272728,10.613999999999997,20.735,15.890454545454547,0.524,0.4529
-23.858,-1.1608181818181815,32.74881818181818,33.909454545454544,2827.355454545455,6.00909090909091,0.7091818181818182,53.24581818181819,28.29645454545455,0.6198,0.4529
-5.560818181818181,-1.1580909090909093,42.99045454545455,44.14845454545456,5298.5990909090915,0.5730000000000001,3.460363636363637,18.930636363636363,13.370272727272727,0.7575,0.6802
0.0789999999999998,-2.412818181818181,34.42972727272727,36.84254545454546,7043.319090909091,4.572090909090909,2.143181818181818,30.704090909090905,32.33081818181818,0.7069,0.6546
-2.7937272727272733,-6.476454545454545,32.143090909090915,38.61972727272728,10374.749090909088,5.585272727272726,203.39709090909085,18.199727272727284,15.406,0.7504,0.6644
0.877,-1.429181818181818,33.43790909090909,34.86718181818182,8174.262727272727,1.155,7.158090909090908,20.912454545454548,21.70954545454545,0.8041,0.7804
-4.348545454545453,-3.611727272727273,19.30790909090909,22.919727272727272,749.6380909090909,0.948181818181818,18.16827272727273,22.95136363636364,18.60318181818182,0.4188,0.2728
-13.560454545454546,-5.106000000000001,25.60227272727273,30.70836363636363,265.72245454545447,5.626181818181819,10.261454545454542,17.383363636363637,3.823,0.4299,0.4098
-9.678818181818183,-1.7108181818181818,20.510636363636362,22.221545454545456,1245.8673636363635,3.064,15.010636363636365,21.47863636363636,11.799636363636365,0.5668,0.4649
-3.450272727272727,-3.379272727272728,15.653363636363634,19.03236363636364,1429.0818181818186,1.879363636363636,23.35636363636364,28.4,25.00854545454545,0.54,0.5191
-2.805909090909092,-2.053,39.74463636363637,41.797363636363634,47619.49909090909,1.6486363636363637,35.82563636363636,23.69809090909091,20.89227272727273,0.9168,0.8711
-7.439545454545455,-1.5000909090909091,14.584727272727273,16.084818181818182,464.28609090909083,4.289181818181818,4.544090909090908,14.133909090909093,6.693818181818182,0.3791,0.3351
-7.802000000000001,-0.933181818181818,18.124454545454547,19.057636363636373,824.1553636363639,1.7425454545454544,14.138454545454545,25.606090909090906,17.804090909090913,0.3914,0.2804
-2.318,-1.7177272727272728,23.06890909090909,24.78672727272728,14456.738181818184,2.9254545454545453,18.094,23.224181818181812,21.03481818181818,0.8336,0.7767
1.8797272727272727,-3.180636363636364,27.425363636363635,30.60618181818182,7855.413636363635,2.5780000000000003,1381.6854545454544,44.63109090909092,46.51081818181819,0.7328,0.6331
-4.030272727272728,-2.8443636363636364,28.29063636363637,31.13472727272727,6980.778181818182,3.6251818181818174,46.68463636363636,22.13,18.09963636363636,0.7507,0.6599
-2.682636363636364,0.6778181818181815,17.601181818181818,16.923454545454547,1370.0854545454547,1.8623636363636364,0.7877272727272726,15.602090909090913,12.919545454545455,0.5425,0.4676
-3.619727272727273,-5.6970909090909085,13.46627272727273,19.163272727272727,11107.409090909092,2.9308181818181818,4.847,18.727272727272727,15.107545454545455,0.7929999999999999,0.7012
0.6384545454545454,-3.6652727272727272,44.7379090909091,48.4030909090909,13649.960909090909,0.9669090909090908,4.196272727272727,21.231636363636362,21.87009090909092,0.8353,0.7898
-4.958545454545455,-2.4204545454545454,38.63554545454546,41.05618181818182,27920.413636363643,0.6730909090909091,0.8566363636363636,17.63381818181818,12.788818181818185,0.8685,0.7963
7.674181818181819,-0.3431818181818183,53.609,53.95200000000001,59233.96909090909,1.014,5.675727272727273,20.76354545454545,28.43772727272728,0.9329,0.9192
7.517636363636362,-4.396454545454546,23.53927272727273,27.93581818181818,2665.92,2.0050909090909097,0.9138181818181818,20.320636363636368,23.85590909090909,0.4923,0.3123
-3.335272727272728,-3.3680000000000003,14.114454545454548,17.482636363636367,7115.66909090909,3.745454545454545,9.97309090909091,24.32809090909091,20.992727272727283,0.7312,0.6383
-0.4236363636363635,-3.815090909090909,34.95318181818181,38.76827272727272,5859.327272727273,2.2960000000000007,16.271636363636365,26.78690909090909,26.363454545454545,0.7522,0.6923
-3.3834545454545464,-4.08590909090909,23.53681818181818,27.62309090909091,3656.085454545455,1.056,6.3294545454545466,17.037000000000006,13.653363636363634,0.6692,0.5675
-7.867909090909093,-4.62609090909091,22.30436363636364,26.93054545454545,14114.364545454546,2.930181818181818,1.1764545454545454,22.83854545454545,14.970818181818185,0.5846,0.4422
12.027636363636365,-4.6303636363636365,28.78354545454545,33.414090909090916,615.7052727272727,1.8712727272727283,3.350454545454545,9.024727272727274,21.05245454545454,0.4495,0.2746
0.8937272727272727,-0.36009090909090896,39.25363636363636,39.6139090909091,19503.738181818182,2.302545454545454,1.3218181818181822,26.411,27.30481818181818,0.8741,0.8775
-6.579,-2.2208181818181814,14.846727272727273,17.06781818181818,683.5688181818182,14.350363636363635,89.87336363636366,34.743818181818185,29.57981818181818,0.4559,0.3236
-0.9335454545454548,-2.1203636363636367,53.02381818181818,55.14445454545455,47900.687272727286,1.3961818181818182,5.456636363636364,23.28945454545455,22.355818181818186,0.9285,0.9175
-0.7782727272727272,-4.526545454545455,52.51781818181818,57.04445454545454,41828.98636363636,1.2109090909090907,64.11836363636365,23.04054545454545,22.262272727272727,0.8913,0.8035
3.401818181818182,0.5229090909090909,22.67954545454545,22.15690909090909,8613.873636363634,2.1017272727272727,1.896636363636364,31.18609090909091,34.58054545454545,0.6799,0.6214
-9.650636363636364,-2.205363636363636,26.58872727272727,28.794181818181816,4284.1327272727285,3.828272727272727,3.735999999999999,25.301090909090906,15.650454545454545,0.7831,0.8190000000000001
7.272181818181817,-0.1911818181818181,45.29736363636363,45.48845454545455,45106.83454545454,1.3222727272727273,81.679,20.70072727272727,27.973000000000006,0.9381,0.9349
-5.491727272727274,-7.509727272727273,13.37509090909091,20.885000000000005,2101.474545454545,11.131272727272728,27.71190909090909,26.24318181818182,20.72381818181818,0.5899,0.5442
-4.2970000000000015,-4.336909090909091,47.5869090909091,51.92363636363636,20754.846363636363,0.6086363636363636,10.89581818181818,13.164636363636365,8.867636363636365,0.8733,0.8208
-0.6284545454545455,-2.327363636363636,11.391272727272728,13.718909090909092,3752.352727272727,3.9588181818181822,16.270818181818182,14.649,14.020363636363635,0.6385,0.4857
-15.108090909090908,-3.066636363636363,14.864454545454548,17.931181818181816,765.8172727272728,11.707363636363635,12.37590909090909,13.148454545454548,-1.959363636363636,0.4524,0.3334
-13.162909090909093,-3.202545454545455,21.82272727272728,25.02536363636364,5602.579090909089,1.7896363636363637,0.7694545454545455,12.452636363636362,-0.7100909090909097,0.6695,0.5949
-1.9895454545454547,-1.752909090909091,10.720636363636364,12.473636363636365,1317.5345454545454,10.709,10.912636363636363,18.502909090909096,16.51318181818182,0.4929,0.4276
-4.653545454545455,-2.215818181818181,24.701363636363634,26.917181818181817,2273.918181818182,4.540454545454545,9.12090909090909,23.42981818181818,18.77636363636364,0.6205,0.4849
1.4073636363636362,-3.2620909090909094,45.33463636363636,48.59672727272728,14324.990909090908,2.568272727272728,9.865727272727273,22.937181818181816,24.50390909090909,0.8403,0.8213
2.2251818181818184,-1.1734545454545455,45.26727272727272,46.44063636363637,57792.36454545455,3.1032727272727274,0.3339090909090909,18.680181818181808,20.905272727272727,0.9291,0.8982
-1.8662727272727275,-7.7908181818181825,19.50572727272727,27.296818181818185,1695.778181818182,6.599545454545453,1308.9945454545452,33.45590909090909,31.598818181818185,0.6165,0.5268
-1.7762727272727274,-2.303545454545455,15.26309090909091,17.56654545454546,3704.804545454546,4.465,254.7962727272728,33.79254545454545,32.01636363636363,0.6931,0.6205
-1.864090909090909,-6.570454545454546,29.23763636363636,35.80827272727272,63213.1,0.3143636363636364,4.745181818181818,28.89027272727273,27.02618181818181,0.9287,0.8985
3.287818181818181,-3.5929090909090915,36.24236363636364,39.83536363636362,37801.909090909096,0.9065454545454544,8.39390909090909,20.846727272727264,24.13454545454545,0.9084,0.8763
1.1376363636363638,-3.3814545454545453,46.97890909090909,50.36054545454545,34050.59818181818,1.1331818181818178,60.02618181818182,18.13181818181818,19.26972727272728,0.8841,0.7861
-5.279999999999999,-1.7336363636363636,27.816181818181825,29.549545454545456,5312.240000000002,6.175818181818181,2.718818181818182,21.53409090909092,16.693363636363635,0.7316,0.6873
2.7166363636363644,-6.209363636363637,32.433727272727275,38.643,41495.16909090908,0.4192727272727272,126.97081818181816,24.70472727272727,27.42127272727272,0.9055,0.8340000000000001
-8.670909090909092,-7.792818181818182,24.56018181818182,32.353181818181824,4154.494545454546,2.6384545454545454,8.952,21.673454545454543,13.002454545454547,0.7306,0.6729999999999999
-0.8271818181818182,-0.0825454545454545,21.62418181818182,21.70690909090909,10474.110909090909,7.258909090909093,17.65927272727273,26.12990909090909,25.30236363636364,0.7979999999999999,0.8065
-6.5559090909090925,-6.271636363636364,17.346454545454545,23.618272727272725,1651.9445454545455,6.931727272727272,43.463,20.658,14.102090909090908,0.5802,0.5249
22.562181818181816,15.103090909090907,63.67181818181818,48.56881818181819,33235.65363636363,2.807727272727273,4.185090909090909,21.60954545454545,44.67863636363637,0.7988,0.6184
-0.4938181818181819,-1.7691818181818184,36.57418181818182,38.34327272727272,15122.252727272724,1.3247272727272728,1.9939090909090909,23.63609090909091,23.14227272727273,0.846,0.863
-5.684181818181819,-4.391363636363637,50.848636363636366,55.23990909090909,1166.1234545454545,4.90890909090909,1.9941818181818176,26.43309090909091,20.74890909090909,0.4977,0.5142
5.148363636363637,0.8295454545454547,43.96245454545454,43.13281818181818,112206.43,1.608,0.5634545454545455,18.472727272727283,23.62118181818182,0.9058,0.7896
-3.4888181818181816,-2.1366363636363634,11.390545454545455,13.527454545454544,504.1066363636364,6.982636363636365,24.460363636363635,18.78572727272727,15.297000000000002,0.52,0.4904
-10.367636363636363,-3.786727272727273,15.857272727272727,19.64381818181818,522.5514545454546,15.521818181818185,18.183818181818182,8.592090909090906,-0.7084545454545456,0.4612,0.4503
4.697545454545455,-3.1550909090909087,22.021454545454546,25.17654545454545,10360.24909090909,1.8434545454545457,30.97918181818181,24.17918181818181,28.876636363636365,0.7923,0.7086
-15.841909090909093,-7.939727272727272,25.56172727272727,33.501363636363635,11116.684545454546,3.663818181818182,0.3483636363636364,20.0,4.158090909090908,0.7170000000000001,0.5433
-5.271727272727274,-2.9676363636363634,18.106727272727284,21.074454545454547,841.1717272727274,0.9808181818181816,17.014545454545456,20.804181818181817,15.532272727272728,0.4197,0.2814
2.1674545454545453,-1.527818181818182,37.30863636363637,38.836636363636366,26670.894545454546,1.5380909090909092,0.4485454545454544,20.68563636363636,22.853181818181817,0.8749,0.7976
-12.385636363636365,0.4586363636363636,20.74745454545455,20.28863636363636,1858.4145454545453,3.327545454545455,3.7110909090909088,40.60954545454546,31.98754545454545,0.5293,0.3752
-6.923181818181818,-4.077545454545455,21.194454545454548,25.27209090909091,9692.334545454543,2.9299090909090912,1.2609090909090908,20.84436363636364,17.065818181818184,0.7835,0.7128
-1.2755454545454543,-3.282272727272728,24.036636363636365,27.31890909090909,9773.103636363636,3.909818181818182,121.1131818181818,22.486272727272723,21.21081818181818,0.7639,0.6681
-19.52318181818182,-4.0474545454545465,29.62754545454545,33.6749090909091,3835.811818181819,7.646909090909091,3.0557272727272733,39.25327272727272,19.72981818181818,0.7247,0.7367
-15.886272727272727,-5.498636363636364,41.2349090909091,46.73354545454546,7455.346363636365,1.442,0.6212727272727272,24.94818181818182,9.000272727272726,0.815,0.7931
-5.010818181818182,-5.141090909090909,26.98290909090909,32.12409090909091,3133.172727272727,0.937818181818182,34.10090909090909,32.881,27.87036363636364,0.6537,0.5129
-29.35936363636363,-4.403727272727274,26.78063636363636,31.18409090909091,545.577,7.175727272727273,27.188,45.09854545454545,15.739272727272725,0.4271,0.3716
-2.7364545454545457,-3.4089090909090918,16.91581818181818,20.324818181818184,1196.9109090909094,6.046363636363638,51.18481818181818,30.876090909090905,28.13963636363637,0.5521,0.4324
-6.765999999999999,-6.154363636363637,31.76254545454545,37.9170909090909,5321.756363636364,4.913272727272727,2.2855454545454545,22.52072727272727,16.977272727272727,0.6271,0.5658
8.72490909090909,-1.8056363636363642,42.35545454545454,44.16109090909091,50873.46272727272,1.4637272727272723,16.945727272727275,20.342,29.06681818181817,0.933,0.9016
-2.8006363636363645,-1.7113636363636362,37.28727272727272,38.998909090909095,40333.968181818185,1.5886363636363638,4.65790909090909,22.32472727272727,20.45336363636364,0.9186,0.912
-6.077727272727272,-1.1837272727272727,24.532000000000004,25.71554545454546,1887.6036363636365,5.38909090909091,6.244090909090909,27.465636363636364,21.387727272727272,0.6459999999999999,0.5484
-12.90118181818182,-3.5717272727272733,16.338818181818183,19.91045454545455,529.6080000000002,0.926818181818182,20.13381818181818,30.21736363636364,16.923545454545458,0.3662,0.2195
0.8654545454545457,-3.418636363636364,9.897999999999998,13.316636363636364,2470.759090909091,11.934636363636365,181.60518181818185,18.18890909090909,19.054181818181817,0.5172,0.4637
7.973818181818182,7.314454545454544,54.992,47.67763636363637,84788.32636363637,2.0344545454545453,5.180363636363637,27.68609090909091,35.6709090909091,0.9475,0.9169
-2.86390909090909,-5.547545454545456,39.868545454545455,45.4160909090909,17870.373636363638,1.3966363636363637,4.051,24.754363636363635,21.902636363636365,0.8029999999999999,0.6923
-2.374727272727273,-6.677090909090907,14.325727272727274,21.002636363636363,1330.5190909090911,7.608272727272726,189.9653636363637,15.494818181818182,13.12,0.5337,0.3704
-8.014363636363637,-3.0650909090909084,20.576,23.64090909090909,12688.466363636364,2.0295454545454548,3.973181818181818,40.284909090909096,32.27045454545455,0.7968,0.6817
0.7956363636363636,-1.5032727272727269,17.913545454545453,19.416818181818183,5354.3263636363645,3.9648181818181816,6.757272727272728,21.943909090909084,22.739363636363638,0.7149,0.6229
-2.539727272727273,-1.3019999999999998,20.414272727272728,21.716454545454546,6319.370909090908,2.712,31.26999999999999,22.774363636363635,20.234636363636373,0.7546,0.7051
1.6089090909090904,-0.9935454545454546,18.39490909090909,19.388181818181817,2976.767272727273,2.9955454545454545,100.96181818181816,22.25127272727273,23.85990909090909,0.696,0.6553
-1.711,-3.4892727272727275,39.666909090909094,43.15609090909091,13938.379090909091,1.7447272727272731,38.00772727272727,20.289545454545454,18.578636363636367,0.8603,0.8506
-1.225181818181818,-4.814727272727274,42.96063636363636,47.77545454545455,21806.222727272725,1.0952727272727272,10.397090909090913,17.25681818181818,15.58209090909091,0.8476,0.7477
-3.350272727272728,-3.7211818181818175,30.662,34.38354545454545,10240.27818181818,2.783636363636364,19.829272727272727,25.047000000000004,21.699818181818177,0.8140000000000001,0.7685
-10.343545454545453,-2.7667272727272727,23.41354545454545,26.18036363636364,748.910272727273,4.076363636363637,11.287727272727272,23.231090909090906,7.690636363636362,0.5207,0.45
7.896363636363635,-3.0848181818181817,33.35027272727273,36.435272727272725,22456.666363636363,2.0318181818181817,31.23427272727273,28.442181818181826,36.33845454545454,0.8442,0.7681
-7.121818181818182,-4.098090909090908,19.15081818181818,23.24872727272727,1358.2336363636364,1.1697272727272727,14.632363636363635,26.50936363636363,19.38763636363636,0.4974,0.3386
-5.8004545454545475,-3.108454545454545,39.842454545454544,42.95072727272726,6527.8836363636365,4.128727272727274,7.097818181818181,19.700818181818182,13.799181818181818,0.787,0.7584
-20.170909090909085,-0.3459999999999999,37.643,37.98872727272728,14028.762727272728,2.326,0.0922727272727272,32.32636363636363,12.154818181818182,0.7784,0.6993
-23.309818181818184,-5.1571818181818205,15.76218181818182,20.919545454545453,549.885090909091,10.07390909090909,7.182,20.09227272727273,-3.2379090909090915,0.4301,0.3793
3.838272727272728,-4.3883636363636365,44.57136363636364,48.95981818181818,23916.161818181816,1.1212727272727274,2.064454545454545,20.11354545454545,23.952,0.8981,0.8834
-5.811999999999999,0.878090909090909,41.92763636363637,41.04963636363637,2176.7554545454545,3.0260909090909096,0.6045454545454546,14.831363636363635,9.019272727272726,0.5565,0.4684
-2.8360909090909088,-4.685727272727274,25.407,30.09272727272727,7043.027272727273,4.993636363636363,55.4369090909091,17.29118181818182,14.454909090909094,0.6907,0.7056
0.9245454545454546,-6.525272727272728,38.50581818181819,45.03100000000001,28806.67909090909,1.0913636363636363,46.67727272727272,19.60436363636364,20.529090909090904,0.8907,0.8163
-3.1390909090909087,-6.737272727272727,12.645454545454545,19.382818181818184,3651.4718181818175,5.104363636363637,21.04172727272727,31.00363636363636,27.86518181818181,0.7707,0.7431
4.422,-0.3216363636363636,48.9510909090909,49.27290909090909,55091.63909090909,1.1792727272727273,9.886363636363637,24.19927272727273,28.62136363636364,0.9313,0.8946
8.77390909090909,0.205,32.31954545454545,32.11463636363636,86132.11181818183,-0.0433636363636363,8.219090909090907,25.55390909090909,34.32745454545454,0.9467,0.8865
-4.6000000000000005,-2.8929090909090918,27.25054545454545,30.14354545454545,884.2639999999999,6.820272727272728,8.552090909090909,19.47590909090909,14.876,0.6513,0.6694
4.420545454545454,-0.6634545454545454,21.40227272727273,22.06572727272727,6298.068181818182,1.3708181818181822,68.62572727272726,24.61163636363636,29.03236363636364,0.7489,0.6419
-4.608090909090908,-3.613545454545455,15.847363636363635,19.460818181818183,827.5153636363636,1.2942727272727272,7.334,19.90336363636364,15.294999999999998,0.494,0.4933
-8.931363636363635,-5.029909090909091,25.32854545454545,30.358727272727272,3818.2990909090913,5.0177272727272735,11.272818181818185,20.57218181818182,11.640636363636364,0.7275,0.6436
-4.376909090909091,-2.6589090909090918,31.49927272727273,34.158181818181816,10701.682727272726,10.059636363636363,78.77981818181819,28.87636363636364,24.88809090909091,0.7898,0.685
-6.092545454545455,-3.556454545454545,11.950454545454544,15.50690909090909,884.9203636363637,6.24090909090909,35.653454545454544,25.35581818181818,19.263272727272728,0.5209,0.4997
-3.0637272727272733,-3.4460909090909086,41.18581818181819,44.63172727272728,3181.529090909092,11.667272727272728,43.35290909090909,17.846363636363638,14.782727272727273,0.7674,0.7925
9.572636363636363,1.2881818181818183,32.45363636363636,31.16581818181818,41811.053636363635,1.143818181818182,8.923727272727273,23.51945454545455,33.09190909090909,0.8546,0.7307
-3.900363636363637,-5.695999999999999,36.24018181818183,41.93618181818181,42496.25454545456,2.1017272727272727,65.05136363636365,17.136636363636367,13.236363636363638,0.9201,0.9047
-1.0234444444444446,-2.143,27.19481818181817,29.33790909090909,16745.486363636366,8.191818181818181,3.466,16.824454545454547,15.781727272727272,0.8029999999999999,0.741
0.1832727272727273,1.6080000000000003,26.63309090909091,25.025,2161.3718181818185,12.136272727272727,31.064,31.05381818181819,31.23718181818181,0.6974,0.7040000000000001
1.858818181818182,-6.57890909090909,18.358636363636364,24.937454545454546,1474.8354545454545,9.541090909090908,16.28709090909091,36.48045454545454,38.402,0.5612,0.5386
-8.489649769405766,-2.3317256820012773,25.37585302865577,27.707454043619087,5430.456103400271,4.389915629988107,1.9251042782596453,17.836434605873848,9.607274830252587,0.7063150134066671,0.6496778943442197
-4.716432333806715,-2.6091885391126595,31.63134428654302,34.240526962843965,10773.204887015656,9.893386566398627,77.0882738859855,28.950528204427258,24.614364047683825,0.7895549344707462,0.6853074067603797
-15.872376908586062,-1.0139767088456106,34.547669679775765,35.561435704449885,13060.637005465305,2.686304969860003,27.62348527616099,30.08782786305307,14.214980039100585,0.775101375118088,0.6922022692196101
-6.662043946614515,-5.259226009780675,27.826573510847762,33.08597436167754,16758.90800718944,3.5133092441650424,0.28114655908728087,16.374312536833788,9.712348335897843,0.806856393902297,0.7698009620555177
-8.414141392376134,-7.334002528335068,24.806733879593523,32.140883806847874,4242.161783909155,2.9063121303772244,8.480008652817366,21.662901599560414,13.28193895726254,0.7306757223775835,0.6740828299994432
-4.542677893079194,-5.274946799114915,24.267928889832334,29.54295601279729,7290.907909017926,3.348153660399426,71.56248309924136,22.127184955659917,17.584517647821595,0.7491886868648059,0.6702647277586321
-18.22500316105074,-1.139174762972304,33.25019713014037,34.38920013646728,11689.070845983433,2.1770683246917257,0.2803052780136315,26.80804118368276,8.582628842907145,0.7481618213810539,0.6703113328942335
-8.109368900439419,-6.789407585705738,25.099380838607072,31.88889496901065,4346.2191200837515,3.224247852461662,7.919774714221095,21.650375695267147,13.61367523534915,0.7307656016647498,0.6753681038059216
-2.8170998254235355,-3.8938854731015677,25.119826390181522,29.01376601466171,11866.379599073218,3.7972374656662353,85.12634164216571,20.591867973303692,17.774859056971067,0.776825934076705,0.6987171894720108
-4.824133934362365,-2.2006994616894997,29.675348093926047,31.875912496774156,8032.745795517719,8.136308423027264,41.11321288718416,25.240354528098727,20.829932882257303,0.7609784432475553,0.6861389962290485
-7.116184565575777,-2.8284025757766162,28.48234538341503,31.31077630258376,9111.897895281534,7.481237982633235,54.457956597602305,23.755818072876707,16.907158556415734,0.7522931892098336,0.6569088640715379
-9.248012781139035,-3.423060530383874,26.02161211400311,29.444817390166328,4989.668850994153,1.1098404987409252,0.5325192796428067,14.98161480296979,5.733622329947266,0.6915891932657479,0.6428684893974685
-5.77825314422423,-4.467146470134228,28.915014979873032,33.382284267189846,14822.054278783686,5.650131057223266,25.75638580376749,20.26331743873547,14.611240338959655,0.8016211538239774,0.7430249779131234
-3.543835648392176,-4.6877994874779745,19.754409837555905,24.44199092420059,2932.8000818397136,7.031839888066521,114.61563741264787,17.925076884245463,14.557954281314862,0.6133367739841331,0.4979234647578161
-8.899555736798446,-2.4081079661272446,25.064197425991033,27.472199633926493,5445.553540724298,4.161837127419121,1.8237386811242866,17.36420508148669,8.702306906715828,0.7030858552010446,0.644873156531023
-5.455015191147457,-1.9869419004021642,27.967072076949446,29.95380378230381,5209.801084820796,5.414488343237254,2.3956016175752994,20.872237333936237,15.796051221439539,0.7281882418075585,0.6857316917986358
-1.4530964328901042,-3.830638138266381,22.468031987920916,26.29864075707335,8409.371885157645,4.5072300130972645,132.23488347005517,21.356942188808276,19.903907295895138,0.7267157648362979,0.6200124812848213
-2.376360923742426,-4.852220063665252,35.008941467581074,39.86116153124631,15384.916869932218,2.168057442008755,39.983232949281046,24.058173204664854,21.69028279494713,0.790998256255816,0.684871810777257
-1.8151877704230408,-3.1738064408892424,25.335147225957197,28.508953666846438,9934.677908151136,4.979896545719309,113.74710770685928,23.59815893642856,21.850669616003973,0.7684066421161813,0.6710406274812148
-3.4861180834586287,-5.510824355195486,37.75349527322224,43.264351162208484,17684.98711111118,1.7669534355267675,3.3976829228572925,23.257832994070043,19.781799731707125,0.803745774151676,0.7059320577492418
-9.431779522015837,-4.388505502003656,25.075399338454808,29.464046289055357,11828.42863557245,2.7581754563444925,0.49962412299740183,14.49458402397275,5.0629357806327455,0.7461077831729797,0.6927444835881308
-18.430814400047193,-1.0552836158190946,33.71480756553732,34.76990874542299,11936.531361709982,2.1928202745422745,0.26041777387181186,27.39169364279772,8.960446034627571,0.751360001165117,0.6733773564888725
-3.9785830819710037,-2.236931267008153,26.58785862430556,28.824605798306326,6761.986361080249,5.439385615839595,41.19607546784162,21.843542674157902,18.161501607502522,0.7420972514921044,0.6810601477198637
-4.5108476822844015,-2.831738002462001,31.252272826271536,34.08402256743567,11095.502332277445,9.638181740836384,73.71190939396605,28.053140194246275,23.905843269132937,0.7909298500806199,0.6905459498243003
-12.91367382965456,-3.45723330459251,21.974612891340097,25.431942149046446,5522.2332026622025,1.836732405778628,1.2234569617703785,12.96424656589059,0.05073942234904649,0.6728900878144817,0.59923332010329
-5.107752052689239,-3.601959128270102,30.15150478859639,33.75352796971152,12850.580095636362,7.759947068562511,51.12650758243368,24.384401667329456,19.528405048449745,0.795965086334035,0.7152617666339204
-14.259064080553202,-2.7557394395418577,24.29725222813976,27.053025698659738,6920.559004815705,1.8735315799981873,0.663533279915694,15.561181642293075,1.3021714041679218,0.6865335728270896,0.6112297061813421
-6.304701603491877,-3.2167224203124034,28.699633643687715,31.916449458495112,4712.467374801659,1.718285659839616,0.8264079888323247,17.658984895199694,11.439662718303381,0.7116243963532525,0.678117666065608
-5.478088096275353,-3.9104410909294893,41.64692548341919,45.55732029844064,1167.8784759291218,4.054094372565258,4.110196384909194,25.03430927450776,19.556243494823843,0.5041561899022784,0.49915192239506984
-4.417395292414843,-3.602022833528001,19.355060450039538,22.95717419265845,749.6297322495719,0.9841075581330758,18.089252804170407,22.95457617637614,18.47785621596534,0.41997027497562817,0.27483506109598926
-8.693031005928427,-3.385022938635043,14.769875848241952,18.1548276249494,518.0611786677082,13.443007658672506,19.711804002676303,11.073668066369388,3.1879734783611093,0.4755144930467112,0.4600620947478421
-5.488536109878565,-2.9698184784575994,18.035262511387167,21.005171898935664,839.5107972514162,1.2172480183538106,16.912302654955393,20.635437616675148,15.146729707507427,0.4204207591379235,0.28254616132024524
-5.672138511722351,-4.349792064298016,49.892601693645545,54.2423081577821,1156.6351526726603,4.794212324586158,2.432763097983248,26.26873176221912,20.596587941567314,0.4954224692655448,0.5074024467310106
-6.172092960625748,-2.9319703272453324,19.048810926268658,21.980872162604893,824.7931732689336,1.5303494963661464,15.997902032621017,21.235014627003068,14.140199891518174,0.4376298490635456,0.31133042130805716
-10.959043256331375,-3.736539705852836,15.969680144496362,19.706059253125886,524.1986677868616,12.11489939794648,18.63900774184215,13.640090077360448,3.407392799336538,0.43902409835780665,0.39642423053665027
2.5842672353967213,-4.578651484245818,28.326536976623363,32.905266564345595,599.7039398041447,3.081602596475519,8.789523355430234,17.25577520942024,19.840133353907863,0.44438893931735646,0.29673271813466173
-5.841372810622783,-3.376274546042966,13.834291102526143,17.210593467003477,871.5331593725331,4.631306659852525,29.94989658353433,23.96300480980352,18.121576362312002,0.4899325188598163,0.4328995935483982
-3.240601862995667,-6.061041524486318,12.143827131953891,18.20498609145025,2232.240952247622,11.415749771786423,82.20666266745555,23.391103883047737,20.132587515354615,0.5641563887634262,0.5156943506940277
-5.607859223844865,-3.881448193060636,19.979721249767923,23.861158324442762,554.7971276960171,1.2031333936123694,15.223577980084864,24.017120508223385,18.13152353609983,0.3905707410306106,0.23562038212228867
-15.048857549168442,-3.0607622730296846,14.864331431990628,17.925185876813412,765.2460685552121,11.725718906807312,12.914118223288355,13.29843136720067,-1.7403283689232154,0.4524243070172353,0.3333319403517412
-11.908149485306282,0.31892357593601595,20.35650770054692,20.037408858025223,1880.4796333388156,3.6376914642498748,10.12128722608059,39.801645203849716,31.521507490471233,0.5288639912768367,0.37838898942148386
-6.858173817412858,-4.649875288512191,18.21667522248722,22.86642750590429,1478.4424394337602,2.780867673064245,16.747796848611475,26.466312456899086,19.60374505071625,0.5123605789293635,0.37185291922029345
3.1384141503114,-1.7093570565861467,36.32733578074052,38.03684310244541,15417.839976573148,2.3769140325858173,20.603193847178815,23.718088768800857,26.856412010021337,0.7443440213107492,0.6640790169858586
-2.479149815406475,-0.4009359361103515,35.614868410519506,36.01586642608377,4771.954114139064,2.651046161446974,10.237132596334934,17.795799889821648,15.316559165324264,0.6312783124328418,0.5445736668633105
3.5794691229901385,-7.602370227943496,26.893151465259685,34.495703511384995,23393.72209407014,1.7626082425521283,14.296364743000584,28.909884477362404,32.48751022372668,0.8363190504090026,0.739014193236103
-4.374886056364234,0.326578776316369,39.2055917634025,38.879091464933204,3295.7965075898733,2.8643728580312007,4.7580850762013105,16.10961871502192,11.734641749566777,0.5887441602612555,0.5012458324629074
6.418808337469347,-1.5862913591377483,25.704776084764738,27.291195834077616,21464.67842600838,1.596431848498176,23.191996720912478,23.94624994294632,30.36493527378098,0.8142964467547038,0.7164029128937232
0.6126373436515169,-10.462018025132771,21.96602575895619,32.4282120049888,23081.16484443103,1.578422517751486,3.575156129215179,28.886591368945748,29.496278048209025,0.8274581680672418,0.7161867625829311
-4.433786351212288,-1.8199505718321602,37.41245968972568,39.23252172903489,7136.651959884441,2.6938673889845623,0.7754062017981682,18.095891447517545,13.661315202085413,0.6184177473920975,0.5245737343031301
5.098040966925628,-3.146292687274048,23.43983489235198,26.586150343459963,11874.733678104874,1.8670378774138408,31.011119477196186,24.712914050598428,29.81086410843315,0.7987979363974718,0.7160494646560611
20.460269563010655,13.735767950760899,60.643750008884986,46.908072967215006,31557.329721661867,2.816437202988358,3.9766358370834243,21.554998220164833,42.71021156643978,0.7977093145365025,0.6251294580231478
3.3791439523817637,-1.7789489018554665,36.176710432213135,37.95581119562351,15773.971391572954,2.359453810258084,21.14107629467047,23.957105594867045,27.33615863815789,0.7493962628395576,0.66934198808834
8.277881688902795,-1.6662462506395261,36.92992646935681,38.596321914034945,27384.49534656014,2.005842962169282,2.3738861590843983,26.51906145478032,34.97681539300616,0.8189957343806036,0.6814876273984568
2.32117645774024,-8.659238380351704,25.778272918736448,34.437684798570494,24944.500045579873,1.6714486674360574,1.6185944954098126,28.566381895851965,30.93105275818868,0.8274175706304264,0.7077958396836177
-4.95109245468911,-3.921000794757611,21.334800142191515,25.255876418360938,9805.682629434132,2.745532898031933,6.3042328150941636,21.41029718864485,19.070166822300777,0.7849933993364998,0.7120872412257615
20.829149867640517,13.975729684727334,61.17516834346272,47.199529567826296,31851.87133984771,2.8149086321738013,4.0132191769800265,21.564571122356888,43.055665158541196,0.7979007270871646,0.6239484550961866
4.884639157031915,-4.9392228005686425,27.159133647123923,32.09862833524599,32878.47021305325,1.35231735302549,5.106976767898225,26.419817933883778,31.30276141736537,0.8423377715151346,0.7236858034592745
9.56147340425282,1.2590602912429119,32.45960741783669,31.200909552158635,41682.165159265816,1.1497317230762998,9.072301969840522,23.55223692251506,33.11352911398545,0.8545307423095896,0.730949061309745
11.060847793614684,2.8709551096065704,36.03030154930705,33.15967882971712,40828.57058171831,1.33445214481565,8.380821993743334,23.300636377470404,34.41939972741017,0.8482069974054611,0.717833795853643
13.44948058567095,5.411363085335571,41.77097762301752,36.35989677618951,39251.64999456786,1.6404265017670854,7.509439523323537,22.94942535932077,36.55006987388279,0.8379459986458703,0.6971830761277998
-0.5378996273827354,-2.0005534304096724,25.55271385421962,27.55346376233027,22125.005828683697,2.238540263533395,4.22707032816286,21.879850943044417,23.269276036532865,0.8110217366463344,0.7197288197745343
8.643766687047469,0.44158810779956303,30.465952947620213,30.02465919116011,35818.61181499777,1.2771225683289815,13.126037201441548,23.64515490056225,32.288757090683944,0.8427297432333873,0.7264892026558244
8.63267409426642,-1.1639579422988129,32.956421105910664,34.12064073085877,30958.16944445995,1.6417601226612646,21.434263652123875,26.279851361246212,34.912394614187974,0.8487682475396756,0.7516718790400128
5.292338227796488,-2.5471952667109026,23.40817940175294,25.955377695229636,11121.872503324335,1.8755594502480366,30.087088001427823,24.09362725620455,29.402754847751968,0.7925164137543824,0.7055968429776467
-0.23769152895493928,-10.549132443660309,21.906172229344634,32.455479928823024,23068.685480027438,1.6561048171347184,1.352931370255392,28.65908790898949,28.645442968560907,0.8269216951489238,0.7165112559956345
6.513471097885955,-3.1151980360894536,28.452670787139354,31.567972038941612,17227.220912860852,1.9503860239267516,31.123993463255665,26.599229028605162,33.112609217400205,0.8217629252219028,0.7423773420174029
12.54099421820965,4.445150940289633,39.58758385469888,35.14273422741099,39851.41185865999,1.524053012711942,7.84085885988035,23.083004042135585,35.739696346371765,0.8418486401572097,0.7050373170189006
-5.354417432082938,-0.017689473198494343,40.42854648097224,40.446333688879086,3823.497366811524,2.915788931174477,0.6612731611335406,15.915223907358936,10.560483495191948,0.5770573946218261,0.4870503171076027
18.670147080115495,10.276358904301077,55.62504528732991,45.34880141769769,30375.111361358537,2.6018154648784964,11.363439499498979,23.42279976809041,42.4653075908581,0.8108483136308938,0.6581275892190487
6.677014498688891,-2.7323202534830084,34.113223085970475,36.8457170713367,20652.78279772884,2.120258029547164,28.509780400694805,27.231509278899072,33.90843286849704,0.818609290837715,0.7414418994232298
-0.14442444767919493,-10.216962423081078,23.36004711216242,33.577184985803584,22573.14914896791,1.6599007671510801,1.307169604895821,28.255957151775227,28.10856738505303,0.8111219968746521,0.6994011103859152
15.80384557054529,7.169008164417814,51.01941698224883,43.85052730330098,30467.29293246166,2.428331449802301,3.3281549302136377,23.93238659078903,40.088410189412194,0.8083552153396935,0.6482486726801853
2.9104813499147073,-2.469280615401681,25.406341469573622,27.875637543338733,8968.711484333115,2.044552395349805,25.814217969703545,22.589660139856814,25.50005058068062,0.7522040969284094,0.6677559121382695
-6.554239135255436,-1.6293194871940506,15.31867058384079,16.94802405262519,1632.685757827876,9.727968382855233,8.782826761031004,25.75494133887231,18.97275345569582,0.5193883660104137,0.43288097446858526
1.2720608752044769,-2.7944916169258476,42.29962427307547,45.094139082109855,12755.858998303454,2.2077282080783003,9.174973512294567,22.420647177020214,23.79103005893956,0.8310649023836858,0.8108658703727278
5.410670319229805,-0.472119673304746,43.81705533874754,44.28915130493606,44224.78292310841,1.3714981737211294,67.445084148337,21.000851291619508,26.583330365724912,0.934496294108129,0.9306679556449309
3.1779218286541644,0.3498011662523757,23.63357786826151,23.284033305971228,8574.88972850628,2.0177731942391697,2.3632127268567817,30.27504324153373,33.43916823287999,0.6909138334962979,0.6354998351522654
-4.10067147799707,-2.119748215650273,21.799869536396976,23.919636618890564,2075.434839422473,5.820645331856201,9.49275570583511,22.40731074143406,18.306673571997955,0.5940184987208807,0.47300822865757414
-0.0277091820719213,-2.5682951442375455,36.81137908319374,39.379864147388176,39180.766589182334,1.2779847182975255,6.359433816598134,21.651586602339577,22.129921956329728,0.9139545095818982,0.8957407835366438
-2.5838097652184726,-3.647221525477763,33.0257856004241,36.67331217985543,10898.332050755158,2.748940931276779,18.224129337159525,24.707104856816695,22.151561791413535,0.8182369728077789,0.7770061659410921
-1.069280539919672,-2.0802181251748344,25.877095985403862,27.957136941310694,6741.570695307937,2.8352993510513507,54.37234154981558,22.999514137742054,21.93023824673621,0.7500693171687562,0.6535931716875623
-0.11562342614290166,-1.357464816770028,14.717071092475974,16.074437451989905,2181.5923565530197,6.692161047270297,57.80641904650257,20.45489739586562,20.339044809954142,0.598665838962538,0.5461764723376166
-3.2805561812355672,-4.000385914072428,26.480267237547853,30.480551644630594,7019.858640689489,4.484308125086307,52.17938061376788,19.09215266474422,15.811448500990062,0.7130315377295581,0.6885908120959866
-1.535001160242564,-3.1446570288283655,36.47433285235974,39.61894551348398,14656.935750196737,3.395038306711827,29.165817882139027,19.402559705210233,17.862690210733454,0.8456324819549272,0.8225448520464229
8.77201142263068,-2.1309099656034176,24.069015038071246,26.199985987280492,899.4012162139562,4.9847882507723975,314.8317025670332,23.820019460106344,32.594225159911176,0.523099868530777,0.4270334422793419
-3.308977776846124,-4.893987571736707,20.217365330950614,25.111633417657423,3654.6793176381343,2.2898539656511376,10.813438119764072,21.2937296843816,17.984819453534257,0.7001350119610504,0.621019094584832
-9.758940255435384,-4.699179160567639,36.47212195340205,41.17136382141365,7593.325942106545,1.8337961098731974,476.93779906668624,31.73663887170821,21.937320076139503,0.7866499645848796,0.7379174493136342
1.730936844134221,-3.1792379639736796,27.665923602518173,30.8453363398391,7829.695005952761,2.6080426970353483,1355.055162659777,44.148109379246,45.87708599816036,0.7338500325930634,0.6355274738728937
-6.095391033019159,-6.151348066737516,15.916267247718679,22.067524405365283,11109.287880393655,3.0792909801523094,3.935778813646991,18.985069971062604,12.889678938043447,0.7776058217279758,0.6692165690900972
-4.065797952723299,-4.605373280307261,21.852231891057603,26.45760513020632,16709.206610705325,2.178583148362535,3.5174809922084895,18.36295289709739,14.334986293550097,0.8181552726106267,0.7328856480168292
10.02311293999032,-0.5699261477440982,25.29712696144069,25.867034709832836,793.2524465961108,4.607703774078383,26.25325585692501,21.694582096272597,31.71784005574083,0.5113592260719815,0.4134895850026997
-1.711993953738462,-4.145182045881391,27.047652337681246,31.19296092692026,8516.389615617589,2.7980675000713395,1101.7238500683966,39.63900043652488,37.92700648278642,0.7295977451848293,0.6148998428859286
-2.8780246267101908,-5.992590280767976,29.33674043819579,35.32951253714559,9867.438359902691,5.2988853091249535,173.2885722982616,19.153672753119498,16.275633975434985,0.747411314225081,0.6603372552747195
2.533606603794932,-5.449941323731112,21.393053766129235,26.843180242241267,1366.405277191243,5.931699329600747,897.8195399273668,29.470609297670993,32.01050774821801,0.5778707152225138,0.4855376301420867
-6.615155576779685,-3.4256800591391503,25.189334043724855,28.61488849207334,14567.579124345935,1.8369976682498204,5.297109445213872,35.53896307565553,28.83108680916359,0.8072695633922351,0.6953021886592031
-3.414482538854981,-5.069660380716593,14.980330691809101,20.049928830902328,11635.50139742896,2.9299724915256706,6.935668683963179,19.436305202007468,16.042104896438982,0.7994014455022952,0.7131041658971254
-11.713443883363048,-5.368708459284925,22.93211602367152,28.300685625882217,11945.685997812629,2.8018572857279733,2.2601935751634854,30.698825309461682,18.985333478115315,0.759088739755687,0.6162960098018431
-3.734548229907877,-3.9131530030097896,31.789350619814112,35.70262798421386,7728.987435267228,2.2190099644830843,945.2521097549177,38.4110484499169,34.657022367569795,0.758776215598143,0.6836619768333685
-3.680567773487976,-5.548189288331894,14.610051006732885,20.158161779638718,11871.449817072715,2.82821929294794,4.665664158322111,18.677582393657616,15.00217451596988,0.7964309795533213,0.7055216709340512
-2.038832348871973,-6.00075230764472,19.10315220897402,25.104138811904477,1626.9345791974818,5.5982192494324154,1032.4711146406166,29.682041696129694,27.650469566089885,0.6008581812937879,0.5142865450350302
-5.68709774192716,-2.1858608948943994,41.33157419361324,43.51729627366556,5946.386886104997,2.4467376458810453,5.377168552554988,19.336493887628496,13.596292061337278,0.773045416257725,0.7214085271645456
